	lid	cstr	phon_affix	para_phon
0	l89884	Xment	.mã	a.bɛs.mã
1	l89887	Xeur	.œʁ	a.be.sœʁ|a.bɛ.sœʁ
2	l89921	Xeuse	.øz	a.bɑ̃.dɔ.nøz
3	l89973	Xage	.aʒ	a.ba.taʒ
4	l89986	Xure	.yʁ	a.ba.tyʁ
5	l90062	Xion	.jɔ̃	ab.di.ka.sjɔ̃
6	l90308	Xif	.if	a.bɔ.li.tif
7	l90678	Xrice	.ʁis	ab.sɔ.ly.tʁis
8	l91147	Xade	.ad	a.kɔ.lad
9	l91290	Xance	.ãs	a.ku.ty.mãs
10	l92011	Xence	.ãs	a.kje.sãs
11	l93586	Xerie	.ʁi	a.fʁɔ̃.tʁi
12	l94195	Xiser	.izɛ	a.gɔ.ni.zɛ
13	l96934	Xée	.e	a.le
14	l116500	Xaison	.ɛzɔ̃	bã.dɛ.zɔ̃
15	l116881	Xême	.ɛm	ba.tɛm
16	l131227	Xette	.ɛt	bʁã.lɛt
17	l131607	Xis	.i	bʁə.du.ji
18	l132202	Xing	.iŋ	bʁi.fiŋ
19	l144097	Xisme	.ism	ka.te.te.ʁism
20	l157778	Xaire	.ɛʁ	kɔ.mã.tɛʁ
21	l163597	Xise	.iz	kwaʁ.diz
22	l168538	Xon	.ɔ̃	kɥi.sɔ̃
23	l182924	Xie	.i	de.paʁ.ti
24	l192816	Xice	.is	ɛg.zɛʁ.sis
25	l210558	Xante	.ãt	gu.ʁãt
26	l213925	Xoyer	.waje	gɛ.ʁwa
27	l217217	Xisation	.izasjɔ̃	aʁ.mɔ.ni.za.sjɔ̃
28	l226315	Xité	.ite	ɛ̃.pɔʁ.ty.ni.te
29	l245735	Xange	.ãʒ	lwãʒ
30	l256526	Xonge	.ɔ̃ʒ	mã.sɔ̃ʒ
31	l258632	Xantisme	.tism	mi.li.tã.tism
32	l244516	locoXion	lɔkɔ.jɔ̃	lɔ.kɔ.mɔ.sjɔ̃
33	l267119	Xardise	.aʁdiz	my.zaʁ.diz
34	l277967	Xande	.ãd	ɔ.fʁãd
35	l182910	déX	de.	de.paʁ
36	l309553	Xar	.aʁ	ʁa.kɔ̃.taʁ
37	l319084	Xaille	.aj	ʁət.ʁu.vaj
38	l320271	Xet	.ɛ	ʁi.kɔ.ʃɛ
39	l328468	Xager	.aʒɛ	sa.ka.ʒɛ
40	l342726	Xeiller	.ejɛ	sɔ.me.jɛ
41	l344803	Xgraphie	.gʁafi	su.lɔ.gʁa.fi
42	l348834	Xique	.ik	sy.plik
43	l318714	reX	ʁə.	ʁə.taʁ
44	l353697	Xication	.kasjɔ̃	ta.ʁi.fi.ka.sjɔ̃
45	l180366	Xionnaire	.jɔ̃nɛʁ	de.si.zjɔ̃.nɛʁ
46	l192788	Xentaire	.ãtɛʁ	ɛk.se.dã.tɛʁ
47	l208649	Xulaire	.ylɛʁ	glã.dy.lɛʁ
48	l208650	Xule	.yl	glã.dyl
49	l169217	Xé	.e	ky.ʁe
50	l175064	Xoire	.waʁ	di.ʁɛk.twaʁ
51	l332903	Xat	.a	sa.la.ʁja
52	l157821	Xant	.ã	kɔ.mɛʁ.sã
53	l285832	Xien	.jɛ̃	pa.ʁwa.sjɛ̃
54	l323842	Xaume	.jom	ʁwa.jom
55	l159327	Xal	.al	kɔ̃.fe.de.ʁal
56	l174030	Xoral	.ɔʁjal	dik.ta.tɔ.ʁjal
57	l159767	Xoïde	.ɔid	kɔ.nɔ.id
58	l105649	Xural	.yʁal	aʁ.ʃi.tɛk.ty.ʁal
59	l159765	Xoïdal	.ɔidal	kɔ.nɔ.i.dal
60	l284554	Xeté	.te	pa.po.te
61	l304604	Xable	.abl	py.bli.jabl
62	l167478	Xacé	.ase	kʁys.ta.se
63	l131457	Xache	.aʃ	bʁa.vaʃ
64	l367234	Xain	.ɛ̃	yʁ.bɛ̃
65	l199887	Xaliste	.alist	fɔʁ.ma.list
66	l286090	Xan	.ɑ̃	paʁ.ti.zɑ̃
67	l229309	Xaque	.ak	ɛ̃.sɔm.njak
68	l166324	Xard	.aʁ	kʁi.jaʁ
69	l364313	Xeux	.øz	ty.bɛʁ.ky.løz
70	l264158	Xariste	.aʁist	mɔ.ne.ta.ʁist
71	l181779	Xasse	.as	de.gœ.las
72	l224947	Xaste	.ast	i.kɔ.nɔ.klast
73	l224946	Xasme	.asm	i.kɔ.nɔ.klasm
74	l266813	Xâtre	.ɑtʁ	my.lɑtʁ
75	l287859	Xaud	.o	pə.no
76	l177371	Xble	.bl	dubl
77	l271595	Xbond	.bɔ̃	no.ze.a.bɔ̃
78	l94303	Xcole	.kɔl	a.gʁi.kɔl
79	l94310	Xculture	.kyltyʁ	a.gʁi.kyl.tyʁ
80	l371106	Xeure	.yʁ	vɛʁ.ʒyʁ
81	l162581	Xéen	.eɛ̃	kɔʁ.ne.ɛ̃
82	l365709	Xel	.ɛl	te.le.vi.zɥɛlɛl
83	l94726	Xelet	.əlɛ	ɛ.gʁə.lɛ
84	l302403	Xesque	.ɛsk	pʁy.dɔ.mɛsk
85	l170270	Xeste	.ɛst	se.lɛst
86	l147387	Xestre	.ɛtʁ	ʃã.pɛːtʁ|ʃã.pɛtʁ
87	l261354	Xialiste	.jalist	mɔ̃.dja.list
88	l194191	Xible	.ibl	fa.jibl
89	l200059	Xiche	.iʃ	fɔʁ.tiʃ
90	l199060	Xichon	.iʃɔ̃	fɔ.li.ʃɔ̃
91	l159145	Xiel	.jɛl	kɔ̃.fi.dã.sjɛl
92	l153412	Xième	.jɛm	sɛ̃.kã.tjɛm
93	l257540	Xier	.ije	mœʁ.tʁi.je
94	l340543	Xieux	.jøz	si.lɑ̃.sjøz
95	l352460	Xil	.il	tak.til
96	l233575	Xesse	.ɛs	ʒœ.nɛs
97	l157148	Xin	.ɛ̃	kɔ.lɔ̃.bɛ̃
98	l165581	Xingue	.ɛ̃g	kʁa.dɛ̃g
99	l249709	Xiot	.jo	mɛ.gʁi.jo|to
100	l145175	Xisant	.izã	kɛl.ti.zã
101	l384905	Xissime	.isim	e.mi.nã.ti.sim
102	l260250	Xiste	.ist	mɔ.dɛʁ.nist
103	l253233	Xitime	.itim	ma.ʁi.tim
104	l298947	Xlé	.le	pɔt.le
105	l95852	Xo	.o	al.ko.lo
106	l212949	Xois	.wa	gʁi.vwa
107	l342974	Xore	.ɔʁ	sɔ.nɔʁ
108	l165594	Xos	.os	kʁɛ.ɲos
109	l233585	Xot	.no	ʒœ.no|to
110	l211917	Xouillet	.ujɛ	gʁa.su.jɛ
111	l362740	Xounet	.unɛ	tʁis.tu.nɛ
112	l166724	Xu	.y	kʁɔ.ʃy
113	l207490	Xuel	.ɥɛl	ʒɛs.tɥɛl
114	l318231	Xueux	.ɥøz	ʁɛs.pɛk.tɥøz
115	l273612	Xurne	.yʁn	nɔk.tyʁn
116	l283609	Xustre	.ystʁ	pa.lystʁ
117	l97224	Xistique	.istik	al.pi.nis.tik
118	l190010	Xeute	.øt	ɛʁ.go.te.ʁa.pøt
119	l215504	Xétique	.etik	ʒe.ne.tik
120	l236501	Xeutique	.øtik	ki.ne.zi.te.ʁa.pø.tik
121	l280566	Xgénique	.ʒenik	ɔ.ʁɔ.ʒe.nik
122	l280567	Xgenèse	.ʒenɛz	o.ʁo.ʒe.nɛz
123	l302133	Xine	.in	pʁɔ.te.in
124	l341010	Xitique	.itik	si.ni.tik
125	l122706	biX	bi.	bi.ɛb.dɔ.ma.dɛʁ
126	l122706	biXaire	bi.ɛʁ	bi.ɛb.dɔ.ma.dɛʁ
127	l122776	biXique	bi.ik	bi.a.tɔ.mik
128	l122932	biXé	bi.e	bi.kaʁ.bɔ.ne
129	l123057	biXel	bi.ɛl	bi.kyl.ty.ʁɛl
130	l123367	biXal	bi.al	bi.fɔ.kal
131	l124405	biXien	bi.jɛ̃	bi.kɔ.ti.djɛ̃
132	l179806	décaX	deka.	de.ka.dak.til
133	l172392	demiX	dəmi.	də.mi.siʁ.ky.lɛʁ
134	l173576	diXique	dj.ik	dja.dɛl.fik
135	l174080	diX	di.	di.dak.til
136	l176313	dodécaX	dodeka.	do.de.ka.stil
137	l219154	hexaX	egza.	eg.za.ɛdʁ|ɛg.za.ɛdʁ
138	l261635	monoX	mɔno.	mɔ.no.a.sid
139	l261646	monoXique	mɔno.ik	mɔ.no.a.tɔ.mik
140	l261680	monoXien	mɔnɔ.jɛ̃	mɔ.nɔ.kaʁ.pjɛ̃
141	l261685	monoXaire	mɔnɔ.ɛʁ	mɔ.no.se.ly.lɛʁ
142	l261742	biXin	mɔnɔ.ɛ̃	mɔ.no.kʁis.ta.lɛ̃
143	l261837	monoXé	mɔnɔ.e	mɔ.no.i.dʁa.te
144	l261920	monoXal	mɔnɔ.al	mɔ.no.pa.ʁɑ̃.tal
145	l262025	monoXel	mɔnɔ.ɛl	mɔ.nɔ.sɛk.sɥɛl
146	l262074	Xite	.it	mɔ.nɔ.te.lit
147	l266523	multiXel	mylti.ɛl	myl.ti.di.mã.sjɔ.nɛl
148	l266523	multiX	mylti.	myl.ti.di.mã.sjɔ.nɛl
149	l266560	multiXaire	mylti.ɛʁ	myl.ti.se.ly.lɛʁ
150	l266592	multiXé	mylti.e	myl.ti.di.ʒi.te
151	l266640	multiXal	mylti.al	myl.ti.la.te.ʁal
152	l273986	nonX	nɔn.	nɔ.n‿a.li.ɲe
153	l277575	octoXal	ɔktɔ.al	ɔk.tɔ.ɡɔ.nal
154	l277604	octoX	ɔktɔ.	ɔk.tɔ.pɔd
155	l277614	octoXique	ɔktɔ.ik	ɔk.tɔ.si.la.bik
156	l288071	pentaX	pɛ̃ta.	pɛ̃.ta.dak.til
157	l288085	pentaXal	pɛ̃ta.al	pɛ̃.ta.gɔ.nal
158	l288149	pentaXique	pɛ̃ta.ik	pɛ̃.ta.tɔ.mik
159	l294999	pluriXel	plyʁi.ɛl	ply.ʁi.a.nɥɛl
160	l294999	pluriX	plyʁi.	ply.ʁi.a.nɥɛl
161	l295002	pluriXaire	plyʁi.ɛʁ	ply.ʁi.se.ly.lɛʁ
162	l295027	pluriXal	plyʁi.al	ply.ʁi.la.te.ʁal
163	l296384	polyX	poli.	po.li.a.sid
164	l296388	polyXique	pɔli.ik	pɔ.li.ak.ʁi.lik
165	l92192	Xate	.at	a.kʁi.lat
166	l296424	polyXaire	pɔli.ɛʁ	pɔ.li.aʁ.ti.ky.lɛʁ
167	l296461	polyXé	pɔli.e	dɔ.ʁe
168	l296550	polyXal	pɔli.al	pɔ.li.ɡɔ.nal
169	l296808	polyXiste	pɔli.ist	pɔ.li.te.ist
170	l327645	rétroX	ʁetʁɔ.	ʁe.tʁɔ.ak.sjɔ̃
171	l338067	semiX	səmi.	sə.mi.a.nɥɛl
172	l366000	tétraX	tetʁa.	te.tʁa.bʁãʃ
173	l366110	tétraXaire	tetʁa.ɛʁ	te.tʁa.pɔ.lɛʁ
174	l366136	tétraXique	tetʁa.ik	te.tʁa.tɔ.mik
175	l366850	uniX	yni.	yni.aks
176	l366859	uniXaire	yni.ɛʁ	y.ni.se.ly.lɛʁ
177	l366878	uniXé	yni.e	y.ni.ky.spi.de
178	l366882	uniXel	yni.ɛl	y.ni.di.mã.sjɔ.nɛl
179	l366914	uniXiste	yni.ist	y.ni.ʒã.bist
180	l366919	uniXal	yni.al	y.ni.la.te.ʁal
181	l89885	aX	a.	a.bɛ.sɛ
182	l91812	Xifier	.ifjɛ	a.si.di.fjɛ
183	l112063	autoX	otɔ.	o.tɔ.kɑ.sabl
184	l124051	bioX	bjɔ.	bjɔ.de.gʁa.dabl
185	l157899	coX	kɔ.	kɔ.mɥɛ
186	l160971	contreX	kɔ̃tʁə.	kɔ̃.tʁəfɛʁ
187	l175129	disX	dis.	di.sɛʁ.nɛ
188	l180126	dé1X	de.	de.sã.tʁa.li.zɛ
189	l182055	dé2X	de.	de.li.mi.tɛ
190	l185781	éX	e.	e.fa.sɛ
191	l189144	enX	ã.	ã.tʁe.nɛ
192	l225523	inX	i.	i.li.mi.tabl
193	l229772	interX	ɛ̃tɛʁ.	ɛ̃.tɛʁ.ʃã.ʒɛ
194	l244384	Xaliser	.alizɛ	lɔ.ka.li.zɛ
195	l284825	paraX	paʁa.	pa.ʁa.ʃə.vɛ
196	l303646	préX	pʁe.	pʁe.ʁe.glɛ
197	l349355	surX	syʁ.	sy.ʁɛ.ksi.ta.bi.li.te
198	l350688	synX	sɛ̃.	sɛ̃.kʁis.ta.li.zɛ
199	l360808	transX	tʁãs.	tʁãs.fɔʁ.mɛ
200	l376537	vraiX	vʁɛ.	vʁɛ.sã.blabl
201	l386579	équiX	ekɥi.	e.kɥi.pʁɔ.babl
202	l106843	Xatique	.atik	a.ʁɔ.ma.tik
203	l229326	inXiser	ɛ̃.izɛ	ɛ̃.sɔ.nɔ.ʁi.zɛ
204	l229995	interXal	ɛ̃tɛʁ.al	ɛ̃.tɛʁ.na.sjɔ.nal
205	l101290	antiXique	ãti.ik	ã.tal.ʒik
206	l101370	antiX	ãti.	ã.tɛl.mɛ̃.tik
207	l101792	antiXiste	ãti.ist	ã.ti.ɛ̃.pe.ʁja.list
208	l101802	antiXoire	ãti.waʁ	ã.ti.ɛ̃.fla.ma.twaʁ
209	l101930	antiXeux	ɑ̃ti.jøz	ɑ̃.tiʁ.li.ʒjøz
210	l102037	antiXif	ɑ̃ti.if	ɑ̃.ti.a.de.zif
211	l102047	antiXil	ãti.il	ã.ti.a.ma.ʁil
212	l102095	antiXien	ãti.jɛ̃	ã.ti.bak.te.ʁjɛ̃
213	l102228	antiXal	ɑ̃ti.al	ɑ̃.ti.kli.nal
214	l102234	antiXant	ãti.ã	ã.ti.kɔ.a.gy.lã
215	l102272	antiXel	ãti.ɛl	ã.ti.kɔ̃.ʒɔ̃k.ty.ʁɛl
216	l102290	antiXivant	ãti.ivã	ã.ti.kɔ̃.vyl.si.vã
217	l102434	antiXible	ãti.ibl	ã.ti.fɛʁ.mã.tɛ.sibl
218	l102466	antiXile	ãti.il	ã.ti.fe.bʁil
219	l102692	antiXériel	ãti.jɛlɛl	ã.ti.mi.ni.ste.ʁjɛlɛl
220	l102766	antiXaliste	ãti.alist	ã.ti.na.sjɔ.na.list
221	l102803	antiXaire	ãti.ɛʁ	ã.ti.ny.kle.ɛʁ
222	l102882	antiXotique	ãti.ɔtik	ã.ti.pa.tʁi.jɔ.tik|ã.ti.pat.ʁi.jɔ.tik
223	l103003	antiXide	ãti.id	ã.ti.py.tʁid
224	l103099	antiXain	ãti.ɛ̃	ã.ti.ʁe.py.bli.kɛ̃
225	l364329	Xose	.oz	ty.bɛʁ.ky.loz
226	l271573	nauX	no.	no.pa.ti
227	l296175	polioX	pɔljo.	pɔ.ljo.mje.lit
228	l344328	sousX	su.	su.ma.ʁɛ̃
229	l347745	subX	syb.	sy.bɔʁ.dɔ.ne
230	l375995	Xté	.te	vɔ.lɔ̃.te
231	l369696	Xariser	.aʁizɛ	vas.ky.la.ʁi.zɛ
232	l307653	quadriXel	kwadʁi.ɛl	kwa.dʁi.di.mã.sjɔ.nɛl|ka.dʁi.di.mã.sjɔ.nɛl
233	l307653	quadriX	kwadʁi.	kwa.dʁi.di.mã.sjɔ.nɛl|ka.dʁi.di.mã.sjɔ.nɛl
234	l307656	quadriXal	kwadʁi.al	kwa.dʁi.jɛ.nal
235	l362749	triX	tʁi.	tʁi.si.lab
236	l362142	triXal	tʁi.al	tʁi.ɛ.nal
237	l362313	triXé	tʁi.e	tʁi.li.be
238	l362355	triXel	tʁi.ɛl	tʁi.mɛs.tʁi.jɛl
239	l368481	Xce	.s	va.lãs
240	l281029	Xaie	.ɛ	oz.ʁɛ
241	l108229	Xeraie	.əʁɛ	as.pɛʁ.ʒə.ʁɛ
242	l137656	Xraie	.ʁɛ	ka.fe.ʁɛ
243	l93878	aXaste	a.ast	a.ʒə.last
244	l94267	Xiat	.ja	a.gʁa.ʁja
245	l108602	Xanat	.ana	a.sis.ta.na
246	l122599	Xicat	.ika	bɛ.li.ka
247	l147435	Xariat	.aʁja	ʃã.sə.la.ʁja
248	l175065	Xorat	.ɔʁa	di.ʁɛk.tɔ.ʁa
249	l259233	Xériat	.eʁja	mi.nis.te.ʁja
250	l259359	Xolet	.ɔlɛ	mɛ̃.sɔ.lɛ
251	l125902	Xinet	.inɛ	blɔ̃.di.nɛ
252	l134170	Xelette	.lɛt	by.blɛt
253	l127065	Xinette	.inɛt	bɔ̃.bi.nɛt
254	l371088	Xerette	.əʁɛt	vɛʁ.ʒə.ʁɛt
255	l125134	Xounette	.unɛt	bla.gu.nɛt
256	l219693	Xiette	.jɛt	is.tɔ.ʁjɛt
257	l346197	Xlette	.lɛt	staʁ.lɛt
258	l386383	éXette	e.ɛt	e.pɥi.zɛt
259	l240031	Xichette	.iʃɛt	laʁ.mi.ʃɛt
260	l157576	Xète	.ɛt	kɔ̃.blɛt
261	l197525	Xation	.asjɔ̃	fi.ksa.sjɔ̃
262	l200866	Xiquet	.ikɛ	fu.tʁi.kɛ
263	l370960	Xeret	.əʁɛ	vɛʁ.də.ʁɛ
264	l165969	Xlet	.lɛ	kʁa.tɛʁ.lɛ
265	l371652	Xiculet	.ikylɛ	vɛʁ.si.ky.lɛ
266	l124752	biXet	bi.ɛ	bi.stɔ.kɛ
267	l208258	Xouette	.wɛt	ʒi.ʁwɛt
268	l121403	Xonnette	.ɔnɛt	bɛʁ.ʒə.ʁɔ.nɛt
269	l361911	Xitien	.isjɛ̃	tʁi.by.ni.sjɛ̃
270	l250400	Xyen	.jɛ̃	ma.lɛ.jɛ̃
271	l361909	Xicien	.isjɛ̃	tʁi.by.ni.sjɛ̃
272	l160247	conXain	kɔ̃.ɛ̃	kɔ̃.tã.pɔ.ʁɛ̃
273	l248928	macroXien	makʁɔ.jɛ̃	ma.kʁɔ.taʁ.sjɛ̃
274	l89866	aXien	a.jɛ̃	a.bak.te.ʁjɛ̃
275	l241042	Xium	.jɔm	lɔ.ʁã.sjɔm
276	l360918	transXien	tʁãs.jɛ̃	tʁãs.lo.ʁã.sjɛ̃
277	l385807	épiXien	epi.jɛ̃	e.pi.la.ʁɛ̃.ʒjɛ̃
278	l347555	subXien	syb.jɛ̃	sy.bʁa.ʃjɛ̃
279	l224601	hétéroXien	eteʁk.jɛ̃	e.teʁ.k.ti.pjɛ̃
280	l277354	Xitan	.itɑ̃	ɔ.ksi.tɑ̃
281	l100179	Xais	.e	ã.glɛ|ã.gle
282	l100220	Xican	.ikɑ̃	ã.gli.kɑ̃
283	l286090	Xisan	.izɑ̃	paʁ.ti.zɑ̃
284	l153832	cisXain	sis.ɛ̃	sis.mɔ̃.tɛ̃
285	l341651	Xène	.ɛnə	slɔ.vɛn|slɔ.vɛnə
286	l295202	Xéien	.ejɛ̃	ple.be.jɛ̃
287	l295115	Xian	.jã	ply.vjã
288	l275353	Xaine	.ɛn	ny.ky.lɛn
289	l365577	téléXéen	tele.eɛ̃	te.le.ɔsteɛ̃
290	l205073	Xienne	.jɛn	ga.le.ʁjɛ̃n|ga.le.ʁjɛn
291	l96913	Xyle	.il	a.lil
292	l301540	Xane	.an	pʁɔ.pan
293	l121224	Xïque	.ik	bɛ̃.zɔik
294	l143950	cataXien	kata.jɛ̃	ka.ta.ʁi.njɛ̃
295	l216914	haploXien	aplɔ.jɛ̃	a.plɔ.ʁi.njɛ̃
296	l196535	Xière	.jɛʁ	fœ.jɛʁ
297	l197029	Xetier	.tje	fil.tje
298	l90093	Xer	.e	a.bɛ.je
299	l135825	Xonnier	ɔnje	be.ka.sɔ.nje
300	l136482	Xère	.ɛʁ	be.ta.jɛʁ
301	l156757	coXier	ko.jee	ko.lis.tjee
302	l266455	Xassier	.asje	mylasje
303	l307946	quartXier	kaʁ.je	kaʁ.ta.nje
304	l344341	sousXière	su.jɛʁ	su.mã.tɔ.njɛʁ
305	l299282	Xailler	.aje	pu.la.je
306	l205390	Xilier	.ilje	gã.ti.lje
307	l271326	nasoXier	nazɔ.je	na.zɔ.suʁ.si.lje
308	l239209	Xagier	.aʒje	lɑ̃.ɡa.ʒje
309	l93366	Xataire	.atɛʁ	a.fɛʁ.ma.tɛʁ
310	l139968	Xpetière	.pətjɛʁ	kan.pə.tjɛʁ
311	l104118	aXaire	a.ɛʁ	a.pɔ.lɛʁ
312	l104897	aquaXaire	akwa.ɛʁ	a.kwa.ty.by.lɛʁ
313	l145470	centroXaire	sãtʁo.ɛʁ	sã.tʁo.me.dy.lɛʁ
314	l153576	circomXaire	siʁkɔ̃.ɛʁ	siʁ.kɔ̃.pɔ.lɛʁ
315	l153665	circumXaire	siʁkɔm.ɛʁ	siʁ.kɔm.ly.nɛʁ
316	l161591	coXaire	ko.ɛ̃ʁ	ko.pla.nɛ̃ʁ
317	l174631	diXaire	di.ɛʁ	di.mjɛʁ
318	l386546	équiXaire	ekɥi.ɛʁ	e.kɥi.mɔ.le.ky.lɛʁ
319	l193426	extraXaire	ɛkstʁa.ɛʁ	ɛk.stʁa.ak.si.lɛʁ
320	l223122	hypoXaire	ipɔ.ɛʁ	i.pɔ.kɔ.ti.le.dɔ.nɛʁ
321	l228528	infraXaire	ɛ̃fʁa.ɛʁ	ɛ̃.fʁa.lap.sɛʁ
322	l230607	interXaire	ɛ̃tɛʁ.ɛʁ	ɛ̃.tɛ.ʁã.tɛ.nɛʁ
323	l230354	intraXaire	ɛ̃tʁa.ɛʁ	ɛ̃.tʁa.se.ly.lɛʁ
324	l235138	juxtaXaire	ʒyksta.ɛʁ	ʒyk.sta.li.ne.ɛʁ
325	l255015	matriXaire	matʁi.ɛʁ	ma.tʁi.li.ne.ɛʁ
326	l278764	omniXaire	ɔmni.ɛʁ	ɔm.ni.pɔ.lɛʁ
327	l280784	orthoXaire	ɔʁto.ɛʁ	ɔʁ.to.mɔ.le.ky.lɛʁ
328	l295572	podoXaire	pɔdɔ.ɛʁ	pɔ.dɔf.tal.mɛʁ
329	l286916	patriXaire	patʁi.ɛʁ	pa.tʁi.li.ne.ɛʁ
330	l339545	sexXaire	sɛks.ɛʁ	sɛks.di.ʒi.tɛʁ
331	l306897	périXaire	peʁi.ɛʁ	pe.ʁi.pɔ.lɛʁ
332	l298736	postXaire	pɔst.ɛʁ	pɔst.gla.sjɛʁ
333	l303263	préXaire	pʁe.ɛʁ	pʁe.gla.sjɛʁ
334	l301517	proXaire	pʁɔ.ɛʁ	pʁɔ.ne.tɛʁ
335	l307600	quadriXaire	kwadʁi.ɛʁ	kwa.dʁã.gy.lɛʁ
336	l308763	quinquXaire	kɥɛ̃kw.ɛʁ	kɥɛ̃.kwã.gy.lɛʁ
337	l344452	sousXaire	su.ɛʁ	su.ska.py.lɛʁ
338	l347528	subXaire	syb.ɛʁ	syb.a.si.ky.lɛʁ
339	l348609	superXaire	sypɛʁ.ɛʁ	sy.pɛʁ.ak.si.lɛʁ
340	l348941	supraXaire	sypʁa.ɛʁ	sy.pʁa.lap.sɛʁ
341	l361026	transXaire	tʁãs.ɛʁ	tʁãs.pɔ.lɛʁ
342	l361927	triXaire	tʁi.ɛʁ	tʁi.kap.sy.lɛʁ
343	l361989	trichoXaire	tʁiki.ɛʁ	tʁi.ki.be.zɔ.ɛʁ
344	l90633	Xéisme	.eism	ap.sã.te.ism
345	l92281	Xalisme	.alism	ak.sjɔ.na.lism
346	l92306	Xivisme	.ivism	ak.tiv.ism
347	l104680	aXisme	a.ism	a.pʁag.ma.tism
348	l100235	Xicisme	.isism	ã.gli.sism
349	l338712	septXisme	sɛpt.ism	sɛp.tɛ.na.lism
350	l99135	anaXisme	ana.ism	a.na.ba.tism
351	l192068	euXisme	ø.ism	ø.de.mɔ.nism
352	l96682	alloXisme	alɔ.ism	a.lɔ.sãt.ʁism
353	l191921	ethoXisme	ɛtnɔ.ism	ɛt.nɔ.sã.tʁism
354	l383826	égoXisme	ego.ism	e.go.sã.tʁism
355	l244709	logoXisme	lɔgɔ.ism	lɔ.gɔ.sã.tʁism
356	l215538	géoXisme	ʒeo.ism	ʒe.o.sã.tʁism
357	l223719	hélioXisme	eljɔ.ism	e.ljɔ.sã.tʁism
358	l296442	polyXisme	pɔli.ism	pɔ.li.sã.tʁism
359	l124003	bioXisme	bjɔ.ism	bjɔ.sã.tʁism
360	l122923	biXalisme	bi.alism	bi.ka.me.ʁa.lism
361	l122925	biXisme	bi.ism	bi.ka.me.ʁism
362	l261669	monoXalisme	mɔno.alism	mɔ.no.ka.me.ʁa.lism
363	l261672	monoXisme	mɔno.ism	mɔ.no.ka.me.ʁism
364	l366854	uniXalisme	yni.alism	y.ni.ka.me.ʁa.lism
365	l366855	uniXisme	yni.ism	y.ni.ka.me.ʁism
366	l157225	Xialisme	.jalism	kɔ.lɔ.nja.lism
367	l173973	diXisme	di.ism	di.kʁɔ.ism
368	l256675	Xilisme	.ilism	mɛʁ.kã.ti.lism
369	l157924	Xarisme	.aʁism	kɔ.my.no.ta.ʁism
370	l158065	Xatisme	.atism	kɔ̃.pa.ʁa.tism
371	l158645	Xualisme	.ɥalism	kɔ̃.sɛp.tɥa.lism
372	l159953	Xateur	.atœʁ	kɔ̃.sɔ.ma.tœʁ
373	l160157	Xérisme	.eʁism	kɔ̃.sy.me.ʁism
374	l168739	Xivé	.ive	kyl.ti.ve
375	l296491	polyXalisme	pɔli.alism	pɔ.li.kyl.ty.ʁa.lism
376	l284079	panenXisme	panã.ism	pa.nã.te.ism
377	l362771	triXisme	tʁi.ism	tʁi.te.ism
378	l222402	hydroXisme	idʁɔ.ism	i.dʁɔ.tʁɔ.pism
379	l175200	Xianisme	.janism	dis.kɔʁ.dja.nism
380	l284179	panXisme	pã.ism	pã.ʒy.ʁism
381	l276359	néoXisme	neo.ism	ne.o.gʁa.fism
382	l384190	Xoralisme	.ɔʁalism	e.lɛk.tɔ.ʁa.lism
383	l103182	antiXisme	ãti.ism	ã.ti.spe.sism
384	l222495	hyléXisme	ile.ism	i.le.mɔʁ.fism
385	l187826	endoXisme	ãdo.ism	ã.do.mɔʁ.fism
386	l269850	métaXisme	meta.ism	me.ta.mɔʁ.fism
387	l222486	hyloXisme	ilo.ism	i.lo.mɔʁ.fism
388	l143837	cataXisme	kata.ism	ka.ta.glɔ.tism
389	l94255	aXatisme	a.atism	a.gʁa.ma.tism
390	l254333	Xinisme	.inism	mas.ky.li.nism
391	l231783	Xationnisme	.asjɔnism	i.zɔ.la.sjɔ.nism
392	l360921	transXisme	tʁãs.izm	tʁãs.lɛ̃.gɥizm
393	l348958	supraXisme	sypʁa.ism	sy.pʁa.na.ty.ʁa.lism
394	l349628	surXisme	syʁ.ism	syʁ.na.ty.ʁa.lism
395	l259732	misoXisme	mizɔ.ism	mi.zɔ.ne.ism
396	l277117	Xantiste	.ãtist	ɔp.sky.ʁã.tism
397	l179221	dysXisme	dis.ism	dis.fe.mism
398	l266691	multiXisme	mylti.ism	myl.ti.paʁ.tism
399	l286069	Xularisme	.ylaʁism	paʁ.ti.ky.la.ʁism
400	l104196	apoXatisme	apɔ.atism	a.pɔf.lɛg.ma.tism
401	l247204	Xanisme	.anism	ly.zi.ta.nism
402	l349755	surXéisme	syʁ.eism	syʁ.pʁe.zã.te.ism
403	l309021	Xude	.yd	kje.tyd
404	l285014	paraXisme	paʁa.ism	pa.ʁa.lɔ.ʒism
405	l319825	Xacisme	.asism	ʁɔ.ta.sism
406	l112779	autoXisme	otɔ.ism	o.tɔ.sɔ.lism
407	l160860	contreXisme	kɔ̃tʁə.ism	kɔ̃.tʁə.sti.my.lism
408	l386599	équiXisme	ekɥi.ism	fʁ|e.kɥi.si.la.bism
409	l386117	épiXisme	epi.ism	e.pi.sɛ̃.te.tism
410	l300968	proXisme	pʁɔ.ism	pʁɔ.kʁɔ.nism
411	l220408	homoXisme	ɔmɔ.ism	ɔ.mɔ.ta.lism
412	l224591	hétéroXisme	eteʁɔ.ism	e.te.ʁɔ.ta.lism
413	l367002	Xarianisme	.aʁjanism	y.ni.ta.ʁja.nism
414	l92307	Xiviste	.ivist	ak.tiv.ist
415	l100238	Xiciste	.isist	ã.gli.sist
416	l96683	alloXiste	alɔ.ist	a.lɔ.sã.tʁist
417	l383827	égoXiste	egɔ.ist	e.gɔ.sã.tʁist
418	l215539	géoXiste	ʒeɔ.ist	ʒe.ɔ.sã.tʁist
419	l141403	carboXiste	kaʁbɔ.ist	kaʁ.bɔ.sã.tʁist
420	l191922	ehtnoXiste	ɛtnɔ.ist	ɛt.nɔ.sã.tʁist
421	l192272	euroXiste	øʁɔ.ist	ø.ʁɔ.sã.tʁist
422	l103468	antéXiste	ãte.ist	ã.te.kla.vist
423	l158647	Xualiste	.ɥalist	kɔ̃.sɛp.tɥa.list
424	l306843	périoXiste	peʁjɔ.ist	pe.ʁjɔ.dɔ̃.tist
425	l109280	aXiste	a.ist	a.te.ist
426	l262068	monoXiste	mɔnɔ.ist	mɔ.nɔ.te.ist
427	l284063	panXiste	pã.ist	pã.de.ist
428	l362772	triXiste	tʁi.ist	tʁi.te.ist
429	l165406	coXiste	kɔ.ist	kɔ.e.ʃã.ʒist
430	l219809	hiéroXiste	jeʁɔ.ist	je.ʁɔ.gʁa.ma.tist
431	l203943	Xiniste	.inist	fe.mi.nist
432	l231784	Xionniste	.jɔnist	i.zɔ.la.sjɔ.nist
433	l275455	nulliXiste	nyli.ist	ny.li.ʒã.bist
434	l123568	biXiste	bi.ist	bi.ʒã.bist
435	l243645	Xatiste	.atist	li.pɔ.gʁa.ma.tist
436	l257303	Xianiste	.janist	mɛ.sja.nist
437	l97337	alterXialiste	altɛʁ.jalist	al.tɛʁ.mɔ̃.dja.list
438	l259733	misoXiste	mizɔ.ist	mi.zɔ.ne.ist
439	l280080	Xaniste	.anist	ɔʁ.ga.nist
440	l112780	autoXiste	otɔ.ist	o.tɔ.sɔ.list
441	l340770	Xgravure	.gʁavyʁ	si.mi.li.gʁa.vyʁ
442	l160861	contreXiste	kɔ̃tʁə.ist	kɔ̃.tʁə.sti.my.list
443	l103469	antéX	ãte.	ã.te.kla.vist
444	l97337	alterX	altɛʁ.	al.tɛʁ.mɔ̃.dja.list
445	l191922	ehtnoX	ɛtnɔ.ist	ɛt.nɔ.sã.tʁist
446	l192272	euroX	øʁɔ.	ø.ʁɔ.sã.tʁist
447	l123066	biXette	bi.ɛt	bi.si.klɛt
448	l196682	Xnomiste	.nɔmist	fi.by.la.nɔ.mist
449	l375986	Xarianiste	.aʁjanist	vɔ.lɔ̃.ta.ʁja.nist
450	l97536	Xilite	.ilit	a.ly.mi.ni.lit
451	l100154	Xome	.ɔm	ã.ʒjɔm
452	l161799	Xille	.ij	kɔ.kij
453	l362045	triXite	tʁi.it	tʁi.kʁɔ.it
454	l124570	bisX	bis.	bis.kɥi
455	l101142	aXite	a.it	a.nɔʁ.tɔ.it
456	l239796	lapis-X	lapis.	la.pis.la.zy.li
457	l251020	Xelle	.ɛl	ma.mɛl
458	l296175	polyXite	pɔlj.it	pɔ.ljo.mje.lit
459	l187837	endoX	ãdɔ.	ã.dɔ.ne.fʁit
460	l306918	périXite	peʁi.it	pe.ʁi.sple.nit
461	l223290	hypoX	ipɔ.	i.pɔ.zyl.fit
462	l306969	périX	pɛʁi.	pɛ.ʁi.ti.flit
463	l380396	Xosite	.ɔzit	zɛ̃.kɔ.zit
464	l258332	microX	mikʁɔ.	mi.kʁɔ.zɔ.o.nit
465	l90695	Xivité	.ivite	ab.sɔʁp.ti.vi.te
466	l91095	Xalité	.alite	ak.si.dã.ta.li.te
467	l92749	Xosité	.ozite	a.di.po.zi.te
468	l96293	Xarité	.aʁite	a.li.mã.ta.ʁi.te
469	l109392	Xicité	.isite	a.tɔ.mi.si.te
470	l157028	Xialité	.jalite	kɔ.le.ʒja.li.te
471	l160440	Xilité	.ilite	kɔ̃.tʁak.ti.li.te
472	l175804	Xinité	.inite	di.vi.ni.te
473	l207489	Xualité	.ɥalite	ʒɛs.tɥa.li.te
474	l295133	Xiosité	.jɔzite	ply.vjɔ.zi.te
475	l367248	Xanité	.anite	yʁ.ba.ni.te
476	l97429	Xitude	.ityd	al.ti.tyd
477	l323847	Xauté	.ote	ʁwa.jo.te
478	l179358	dé1Xiser	de.izɛ	de.ba.na.li.zɛ
479	l180408	dé1Xifier	de.ifjɛ	de.kla.si.fjɛ
480	l182117	dé1Xaliser	de.alizɛ	de.lɔ.ka.li.zɛ
481	l182571	dé1Xiner	de.inɛ	de.my.si.la.ʒi.nɛ
482	l303992	préXière	pʁe.jɛʁ	pʁe.e.po.ljɛʁ
483	l344165	sousXier	su.je	su.kla.vje
484	l295043	pluriXisme	plyʁi.ism	ply.ʁi.paʁ.tism
485	l237794	Xilien	.iljɛ̃	la.sɛʁ.ti.ljɛ̃
486	l248749	Xonnière	.ɔnjɛʁ	ma.klɔ.njɛʁ
487	l202621	Xalier	.alje	fʁɔ̃.ta.lje
488	l129375	Xachier	.aʃe	bu.ʁa.ʃe
489	l113233	avantX	avɑ̃.	a.vɑ̃.dɛʁ.nje
490	l286076	Xculier	.kylje	paʁ.ti.ky.lje
491	l371309	Xinière	.injɛʁ	vɛʁ.mi.njɛʁ
492	l339094	Xillère	.ijɛʁ	sɛʁ.pi.jɛʁ
493	l233005	Xetière	.ətjɛʁ	ʒaʁ.tjɛʁ
494	l310547	Xeau	.o	ʁa.mo
495	l190811	Xol	.ɔl	ɛs.pa.ɲɔl
496	l181027	Xace	.as	de.di.kas
497	l384182	eXion	e.jɔ̃	e.lɛk.sjɔ̃
498	l185926	eX	e.	e.fʁak.sjɔ̃
499	l147592	Xoine	.wan	ʃa.nwan
500	l364311	Xcule	.kyl	ty.bɛʁ.kyl
501	l195027	Xoche	.ɔʃ	fas.tɔʃ
502	l362570	Xple	.pl	tʁipl
503	l327435	Xuble	.ybl	ʁe.zɔ.lybl
504	l227082	inXaison	ɛ̃.ɛzɔ̃	ɛ̃.kli.nɛ.zɔ̃
505	l99223	Xatiser	.atizɛ	a.na.gʁa.ma.ti.zɛ
506	l211236	Xical	.ikal	ɡʁa.ma.ti.kal
507	l269847	métaX	meta.	me.ta.mɔʁ.fik
508	l267885	myélX	mjel.	mje.lit
509	l274616	nosoX	nɔzɔ.	nɔ.zɔ.gʁa.fi
510	l276772	névrX	nevʁ.	ne.vʁal.ʒi
511	l307688	quadriXé	kwadʁi.e	kwad.ʁi.lɔ.be
512	l301954	protoXicat	pʁɔtɔ.ika	pʁɔ.tɔ.me.di.ka
513	l207857	Xolette	.olɛt	ʒi.gɔ.lɛt|ʒi.go.lɛt
514	l153563	Xassien	.asjɛ̃	siʁ.ka.sjɛ̃
515	l380780	Xérien	.eʁjɛ̃	zɔs.te.ʁjɛ̃
516	l138374	Xinien	.injɛ̃	ka.li.si.njɛ̃
517	l355070	Xive	.iv	tã.ta.tiv
